[
{
    "ID": 1,
    "author": "Actor 1",
    "text": [
        "Фраза 1"
    ],
    "emotion": 0
},
{
    "ID": 2,
    "author": "Actor 2",
    "text": [
        "Phrase 2",
        "Another text"
    ],
    "emotion": 2
},
{
    "ID": 3,
    "author": "Actor 3",
    "text": [
        "Проверка 3",
        "Another text"
    ],
    "emotion": 1
},
{
    "ID": 4,
    "author": "Actor 4",
    "text": [
        "Phrase 4",
        "Another text"
    ],
    "emotion": 0
}
]